{
  "@com.att.ajsc/generator-ansc": {
    "serverport": "8096",
    "dockerimagename": "ubmwebui9",
    "ngappname": "app",
    "appname": "ubmWebUi9",
    "aaf": "no",
    "ansclogging": "elk",
    "logging": "elk",
    "server": "express",
    "title": "ANSC",
    "pact": "yes",
    "servicename": "UBMWebUI9",
    "servicenamespace": "com.att.ubm",
    "grmnamespace": "com.att.ubm",
    "serviceversion": "1.0.3",
    "b2b": "no",
    "generatorname": "@com.att.ajsc/generator-ansc",
    "generatorversion": "2.8.0",
    "angularjs": "4",
    "react": "no",
    "prometheus": "false",
    "mongo": "yes",
    "mysql": "no",
    "postgres": "no",
    "cassandra": "no",
    "k8server": "localhost",
    "absui": "None"
  }
}